{"cameraMode":{"drawMode":0,"name":"Shaded","section":"Shading Mode"},"sceneLighting":true,"audioPlay":false,"sceneViewState":{"showFog":true,"showMaterialUpdate":false,"showSkybox":true,"showFlares":true,"showImageEffects":true,"showParticleSystems":true},"in2DMode":false,"pivot":{"x":0.7401196956634522,"y":0.17897486686706544,"z":-0.028684616088867189},"rotation":{"x":-0.001992278266698122,"y":0.9934886693954468,"z":-0.1125529482960701,"w":-0.017585625872015954},"size":49.64052200317383,"orthographic":false}